{"name":"15_WorkingAgreements","identifier":"IVXIE2W5VC","description":"Working Agreements","parentIntentSignature":null,"sampleUtterances":[{"utterance":"I want to empower team members"},{"utterance":"I want to empower teammates"},{"utterance":"I want to establish team culture"},{"utterance":"I want to build team trust"},{"utterance":"I want to ensure common understanding"},{"utterance":"I want to ensure team cohesion"},{"utterance":"I want team member accountability"},{"utterance":"I want colleague accountability"},{"utterance":"I want to align expectations"}],"intentConfirmationSetting":null,"intentClosingSetting":null,"inputContexts":null,"outputContexts":null,"kendraConfiguration":null,"dialogCodeHook":null,"fulfillmentCodeHook":{"fulfillmentUpdatesSpecification":null,"postFulfillmentStatusSpecification":{"successResponse":{"allowInterrupt":true,"messageGroupsList":[{"message":{"ssmlMessage":null,"customPayload":null,"plainTextMessage":{"value":"Working agreements:  https://www.vstart.dev/play/15"},"imageResponseCard":null},"variations":null}]},"failureResponse":null,"timeoutResponse":null},"enabled":false},"slotPriorities":[]}