{"name":"29_UserInterviews","identifier":"IYBWPSJ0NS","description":"User Interviews","parentIntentSignature":null,"sampleUtterances":[{"utterance":"discover user need"},{"utterance":"discover user pain"},{"utterance":"discover user challenge"},{"utterance":"discover user want"},{"utterance":"discover user opinion concerning site"},{"utterance":"discover user opinion concerning application"},{"utterance":"discover user opinion concerning process"},{"utterance":"discover user opinion concerning product"}],"intentConfirmationSetting":null,"intentClosingSetting":null,"inputContexts":null,"outputContexts":null,"kendraConfiguration":null,"dialogCodeHook":null,"fulfillmentCodeHook":{"postFulfillmentStatusSpecification":{"failureResponse":null,"successResponse":{"messageGroupsList":[{"message":{"ssmlMessage":null,"customPayload":null,"plainTextMessage":{"value":"User Interviews:  https://www.vstart.dev/play/29"},"imageResponseCard":null},"variations":null}],"allowInterrupt":true},"timeoutResponse":null},"fulfillmentUpdatesSpecification":null,"enabled":false},"slotPriorities":[]}