{"name":"whichPage","identifier":"NUBGEUTCZK","description":null,"slotTypeName":"AMAZON.AlphaNumeric","obfuscationSetting":null,"valueElicitationSetting":{"promptSpecification":{"messageGroupsList":[{"message":{"ssmlMessage":null,"customPayload":null,"plainTextMessage":null,"imageResponseCard":{"title":"Which page?","buttonsList":[{"value":"https://www.vstart.dev/play/3","text":"Ideation and Brainstorming"},{"value":"https://www.vstart.dev/play/10","text":"Personas"},{"value":"https://www.vstart.dev/play/12","text":"Task Analysis and Flow Diagrams"}],"subtitle":null,"imageUrl":null}},"variations":null}],"maxRetries":0,"allowInterrupt":true},"slotConstraint":"Required","defaultValueSpecification":null,"sampleUtterances":null,"waitAndContinueSpecification":null},"multipleValuesSetting":null}