{"name":"24_CustomerJourneyMapping","identifier":"GGFSRO7LXF","description":"Customer Journey Mapping","parentIntentSignature":null,"sampleUtterances":[{"utterance":"Identify opportunity"},{"utterance":"Provide value"},{"utterance":"Handle gap in service"},{"utterance":"Handle gap in support"},{"utterance":"Handle gap in incentive"},{"utterance":"Handle gap in marketing"},{"utterance":"Align business goals"},{"utterance":"Tell story of customer experience"},{"utterance":"Understand customer expectations"},{"utterance":"Identify way to add value"},{"utterance":"Enhance value"}],"intentConfirmationSetting":null,"intentClosingSetting":null,"inputContexts":null,"outputContexts":null,"kendraConfiguration":null,"dialogCodeHook":null,"fulfillmentCodeHook":{"postFulfillmentStatusSpecification":{"failureResponse":null,"successResponse":{"messageGroupsList":[{"message":{"ssmlMessage":null,"customPayload":null,"plainTextMessage":{"value":"Customer Journey Mapping:  https://www.vstart.dev/play/24"},"imageResponseCard":null},"variations":null}],"allowInterrupt":true},"timeoutResponse":null},"fulfillmentUpdatesSpecification":null,"enabled":false},"slotPriorities":[]}