{"name":"08_ProjectKickoff","identifier":"3IW1CSF7V7","description":null,"parentIntentSignature":null,"sampleUtterances":[{"utterance":"Strong start"},{"utterance":"Start project"},{"utterance":"Team starts project"}],"intentConfirmationSetting":null,"intentClosingSetting":null,"inputContexts":null,"outputContexts":null,"kendraConfiguration":null,"dialogCodeHook":null,"fulfillmentCodeHook":{"fulfillmentUpdatesSpecification":null,"postFulfillmentStatusSpecification":{"successResponse":{"allowInterrupt":true,"messageGroupsList":[{"message":{"ssmlMessage":null,"customPayload":null,"plainTextMessage":{"value":"Project Kickoff:  https://www.vstart.dev/play/8"},"imageResponseCard":null},"variations":null}]},"failureResponse":null,"timeoutResponse":null},"enabled":false},"slotPriorities":[]}