{"name":"26_SprintRetrospective","identifier":"YKRGNCHT7X","description":"Sprint Retrospective","parentIntentSignature":null,"sampleUtterances":[{"utterance":"increase team productivity"},{"utterance":"increase team member performance"},{"utterance":"increase quality of work"},{"utterance":"leverage the lessons from past experience"},{"utterance":"create safe space"}],"intentConfirmationSetting":null,"intentClosingSetting":null,"inputContexts":null,"outputContexts":null,"kendraConfiguration":null,"dialogCodeHook":null,"fulfillmentCodeHook":{"postFulfillmentStatusSpecification":{"failureResponse":null,"successResponse":{"messageGroupsList":[{"message":{"ssmlMessage":null,"customPayload":null,"plainTextMessage":{"value":"Sprint Retrospective:  https://www.vstart.dev/play/26"},"imageResponseCard":null},"variations":null}],"allowInterrupt":true},"timeoutResponse":null},"fulfillmentUpdatesSpecification":null,"enabled":false},"slotPriorities":[]}