{"name":"28_UsabilityTesting","identifier":"XIX9ZQXUB1","description":"Usability Testing","parentIntentSignature":null,"sampleUtterances":[{"utterance":"identify problems with design"},{"utterance":"identify issues with design"},{"utterance":"learn user behavior"},{"utterance":"learn user preference"}],"intentConfirmationSetting":null,"intentClosingSetting":null,"inputContexts":null,"outputContexts":null,"kendraConfiguration":null,"dialogCodeHook":null,"fulfillmentCodeHook":{"postFulfillmentStatusSpecification":{"failureResponse":null,"successResponse":{"messageGroupsList":[{"message":{"ssmlMessage":null,"customPayload":null,"plainTextMessage":{"value":"Usability Testing:  https://www.vstart.dev/play/28"},"imageResponseCard":null},"variations":null}],"allowInterrupt":true},"timeoutResponse":null},"fulfillmentUpdatesSpecification":null,"enabled":false},"slotPriorities":[]}