{"name":"16_SelectingAgileFrameworks","identifier":"BPLAW1IXNO","description":"Selecting Agile Frameworks","parentIntentSignature":null,"sampleUtterances":[{"utterance":"I want to guide product development"},{"utterance":"I want to guide product delivery"},{"utterance":"I want to ensure suitability of framework"}],"intentConfirmationSetting":null,"intentClosingSetting":null,"inputContexts":null,"outputContexts":null,"kendraConfiguration":null,"dialogCodeHook":null,"fulfillmentCodeHook":{"postFulfillmentStatusSpecification":{"failureResponse":null,"successResponse":{"messageGroupsList":[{"message":{"ssmlMessage":null,"customPayload":null,"plainTextMessage":{"value":"Selecting Agile Frameworks:  https://www.vstart.dev/play/16"},"imageResponseCard":null},"variations":null}],"allowInterrupt":true},"timeoutResponse":null},"fulfillmentUpdatesSpecification":null,"enabled":false},"slotPriorities":[]}