{"name":"19_TeamAndProjectOnboarding","identifier":"MFRSF5HPSK","description":"Team & Project Onboarding","parentIntentSignature":null,"sampleUtterances":[{"utterance":"Setup team for success"},{"utterance":"Accommodate new employees"},{"utterance":"Accommodate new team members"},{"utterance":"Incorporate new employees"},{"utterance":"Incorporate new team members"},{"utterance":"Incorporate new colleagues"},{"utterance":"Accommodate new colleagues"},{"utterance":"Learn norms of new project"},{"utterance":"Learn expectations of new project"}],"intentConfirmationSetting":null,"intentClosingSetting":null,"inputContexts":null,"outputContexts":null,"kendraConfiguration":null,"dialogCodeHook":null,"fulfillmentCodeHook":{"postFulfillmentStatusSpecification":{"failureResponse":null,"successResponse":{"messageGroupsList":[{"message":{"ssmlMessage":null,"customPayload":null,"plainTextMessage":{"value":"Team & Project Onboarding:  https://www.vstart.dev/play/19"},"imageResponseCard":null},"variations":null}],"allowInterrupt":true},"timeoutResponse":null},"fulfillmentUpdatesSpecification":null,"enabled":false},"slotPriorities":[]}