{"name":"36_ProductLaunch","identifier":"9YVIZDLZMN","description":"Product Launch","parentIntentSignature":null,"sampleUtterances":[{"utterance":"bring product to market"},{"utterance":"bring feature to market"},{"utterance":"excite customer"},{"utterance":"understand product acceptance"},{"utterance":"increase odds of product acceptance"},{"utterance":"get customer attention"},{"utterance":"develop positive first impression"},{"utterance":"develop positive initial impression"}],"intentConfirmationSetting":null,"intentClosingSetting":null,"inputContexts":null,"outputContexts":null,"kendraConfiguration":null,"dialogCodeHook":null,"fulfillmentCodeHook":{"fulfillmentUpdatesSpecification":null,"postFulfillmentStatusSpecification":{"successResponse":{"allowInterrupt":true,"messageGroupsList":[{"message":{"ssmlMessage":null,"customPayload":null,"plainTextMessage":{"value":"Product Launch:  https://www.vstart.dev/play/36"},"imageResponseCard":null},"variations":null}]},"failureResponse":null,"timeoutResponse":null},"enabled":false},"slotPriorities":[]}