{"name":"13_AffinityMapping","identifier":"YYEAAKMTTJ","description":"Affinity Mapping","parentIntentSignature":null,"sampleUtterances":[{"utterance":"I want to turn insights and themes into actionable items"},{"utterance":"I want actionable items"},{"utterance":"I want to augment the decision making process"},{"utterance":"I want to make better decisions"},{"utterance":"I want the team to diagram together"},{"utterance":"I want to build empathy for users"},{"utterance":"I want to increase stakeholder buy-in"},{"utterance":"I want to increase stakeholder trust"}],"intentConfirmationSetting":null,"intentClosingSetting":null,"inputContexts":null,"outputContexts":null,"kendraConfiguration":null,"dialogCodeHook":null,"fulfillmentCodeHook":{"fulfillmentUpdatesSpecification":null,"postFulfillmentStatusSpecification":{"successResponse":{"allowInterrupt":true,"messageGroupsList":[{"message":{"ssmlMessage":null,"customPayload":null,"plainTextMessage":{"value":"Affinity Mapping:  https://www.vstart.dev/play/13"},"imageResponseCard":null},"variations":null}]},"failureResponse":null,"timeoutResponse":null},"enabled":false},"slotPriorities":[]}