{"name":"25_DefinitionOfDone","identifier":"QLTX80KTVJ","description":"Definition of Done","parentIntentSignature":null,"sampleUtterances":[{"utterance":"Define when work item is complete"},{"utterance":"Create transparency during sprint planning"},{"utterance":"Guide during sprint planning"},{"utterance":"Determine story's size"},{"utterance":"Ensure quality"},{"utterance":"Ensure consistency"}],"intentConfirmationSetting":null,"intentClosingSetting":null,"inputContexts":null,"outputContexts":null,"kendraConfiguration":null,"dialogCodeHook":null,"fulfillmentCodeHook":{"fulfillmentUpdatesSpecification":null,"postFulfillmentStatusSpecification":{"successResponse":{"allowInterrupt":true,"messageGroupsList":[{"message":{"ssmlMessage":null,"customPayload":null,"plainTextMessage":{"value":"Definition of Done:  https://www.vstart.dev/play/25"},"imageResponseCard":null},"variations":null}]},"failureResponse":null,"timeoutResponse":null},"enabled":false},"slotPriorities":[]}