{"name":"38_UAT","identifier":"TJHL4BYF2Z","description":"User Acceptance Testing intent","parentIntentSignature":null,"sampleUtterances":[{"utterance":"end-to-end testing"},{"utterance":"e2e testing"},{"utterance":"perform end-to-end testing"},{"utterance":"users perform testing"},{"utterance":"ensure that the application meets users' business needs"},{"utterance":"ensure that the application meets users' expectations"},{"utterance":"testing includes real world scenarios"},{"utterance":"support real life circumstances"},{"utterance":"reduce the number of defects found in production"},{"utterance":"end user test"}],"intentConfirmationSetting":null,"intentClosingSetting":null,"inputContexts":null,"outputContexts":null,"kendraConfiguration":null,"dialogCodeHook":null,"fulfillmentCodeHook":{"postFulfillmentStatusSpecification":{"failureResponse":null,"successResponse":{"messageGroupsList":[{"message":{"ssmlMessage":null,"customPayload":null,"plainTextMessage":{"value":"UAT (User Acceptance Testing):  https://www.vstart.dev/play/38"},"imageResponseCard":null},"variations":null}],"allowInterrupt":true},"timeoutResponse":null},"fulfillmentUpdatesSpecification":null,"enabled":false},"slotPriorities":[]}