{"name":"09_ResearchReadout","identifier":"SIEZKFXUP8","description":null,"parentIntentSignature":null,"sampleUtterances":[{"utterance":"communicate findings"},{"utterance":"research findings"},{"utterance":"I want to communicate user feedback"},{"utterance":"User check in"}],"intentConfirmationSetting":null,"intentClosingSetting":null,"inputContexts":null,"outputContexts":null,"kendraConfiguration":null,"dialogCodeHook":null,"fulfillmentCodeHook":{"postFulfillmentStatusSpecification":{"failureResponse":null,"successResponse":{"messageGroupsList":[{"message":{"ssmlMessage":null,"customPayload":null,"plainTextMessage":{"value":"Research Readout:  https://www.vstart.dev/play/9"},"imageResponseCard":null},"variations":null}],"allowInterrupt":true},"timeoutResponse":null},"fulfillmentUpdatesSpecification":null,"enabled":false},"slotPriorities":[]}