{"name":"11_SprintZero","identifier":"NOWTXAXABW","description":null,"parentIntentSignature":null,"sampleUtterances":[{"utterance":"I want to work through team initiation"},{"utterance":"I want to tune sprint cycle for new team"},{"utterance":"Agree on sprint deliverables"},{"utterance":"Agree on sprint ceremonies"},{"utterance":"I want team to be accustomed to sprint ceremonies"}],"intentConfirmationSetting":null,"intentClosingSetting":null,"inputContexts":null,"outputContexts":null,"kendraConfiguration":null,"dialogCodeHook":null,"fulfillmentCodeHook":{"fulfillmentUpdatesSpecification":null,"postFulfillmentStatusSpecification":{"successResponse":{"allowInterrupt":true,"messageGroupsList":[{"message":{"ssmlMessage":null,"customPayload":null,"plainTextMessage":{"value":"Sprint Zero:  https://www.vstart.dev/play/11"},"imageResponseCard":null},"variations":null}]},"failureResponse":null,"timeoutResponse":null},"enabled":false},"slotPriorities":[]}