{"name":"02_DesignKit","identifier":"QVNOFCPUCQ","description":"Design Kit","parentIntentSignature":null,"sampleUtterances":[{"utterance":"Create design"},{"utterance":"Create component"},{"utterance":"Edit component"},{"utterance":"Edit Design"},{"utterance":"I want to be more efficient"},{"utterance":"I want to make design consistent"},{"utterance":"I want to make my product consistent"},{"utterance":"I want a consistent design in my product"},{"utterance":"Consistent design"}],"intentConfirmationSetting":null,"intentClosingSetting":null,"inputContexts":null,"outputContexts":null,"kendraConfiguration":null,"dialogCodeHook":null,"fulfillmentCodeHook":{"postFulfillmentStatusSpecification":{"failureResponse":null,"successResponse":{"messageGroupsList":[{"message":{"ssmlMessage":null,"customPayload":null,"plainTextMessage":{"value":"Design Kit:  https://www.vstart.dev/play/2"},"imageResponseCard":null},"variations":null}],"allowInterrupt":true},"timeoutResponse":null},"fulfillmentUpdatesSpecification":null,"enabled":false},"slotPriorities":[]}