{"name":"FallbackIntent","identifier":"FALLBCKINT","description":"Default intent when no other intent matches","parentIntentSignature":"AMAZON.FallbackIntent","sampleUtterances":null,"intentConfirmationSetting":null,"intentClosingSetting":null,"inputContexts":null,"outputContexts":null,"kendraConfiguration":null,"dialogCodeHook":{"enabled":false},"fulfillmentCodeHook":{"postFulfillmentStatusSpecification":{"failureResponse":{"messageGroupsList":[{"message":{"ssmlMessage":null,"customPayload":null,"plainTextMessage":{"value":"The was an error please try again"},"imageResponseCard":null},"variations":null}],"allowInterrupt":true},"successResponse":{"messageGroupsList":[{"message":{"ssmlMessage":null,"customPayload":null,"plainTextMessage":{"value":"I can't understand you."},"imageResponseCard":null},"variations":null}],"allowInterrupt":true},"timeoutResponse":null},"fulfillmentUpdatesSpecification":null,"enabled":false},"slotPriorities":[]}