{"name":"30_UserStory","identifier":"ISYDNQW4X5","description":"User Story","parentIntentSignature":null,"sampleUtterances":[{"utterance":"capture user expectation"},{"utterance":"summarize functionality of product"},{"utterance":"contain list of acceptance criteria"},{"utterance":"user story"},{"utterance":"story"}],"intentConfirmationSetting":null,"intentClosingSetting":null,"inputContexts":null,"outputContexts":null,"kendraConfiguration":null,"dialogCodeHook":null,"fulfillmentCodeHook":{"fulfillmentUpdatesSpecification":null,"postFulfillmentStatusSpecification":{"successResponse":{"allowInterrupt":true,"messageGroupsList":[{"message":{"ssmlMessage":null,"customPayload":null,"plainTextMessage":{"value":"User Story:  https://www.vstart.dev/play/30"},"imageResponseCard":null},"variations":null}]},"failureResponse":null,"timeoutResponse":null},"enabled":false},"slotPriorities":[]}