{"name":"35_InformationArchitectureAndSiteMapping","identifier":"CS4RNBXUPZ","description":"Information Architecture & Site Mapping","parentIntentSignature":null,"sampleUtterances":[{"utterance":"define application structure"},{"utterance":"make application accessible"},{"utterance":"make application navigable"},{"utterance":"understand how user is solving their problem"},{"utterance":"present information in a logical sequence"},{"utterance":"present information in a logical order"},{"utterance":"show website structure"},{"utterance":"hirearchical diagram"}],"intentConfirmationSetting":null,"intentClosingSetting":null,"inputContexts":null,"outputContexts":null,"kendraConfiguration":null,"dialogCodeHook":null,"fulfillmentCodeHook":{"fulfillmentUpdatesSpecification":null,"postFulfillmentStatusSpecification":{"successResponse":{"allowInterrupt":true,"messageGroupsList":[{"message":{"ssmlMessage":null,"customPayload":null,"plainTextMessage":{"value":"Information Architecture & Site Mapping:  https://www.vstart.dev/play/35"},"imageResponseCard":null},"variations":null}]},"failureResponse":null,"timeoutResponse":null},"enabled":false},"slotPriorities":[]}