{"name":"18_EventStorming","identifier":"QPBU89BW3U","description":"Event Storming","parentIntentSignature":null,"sampleUtterances":[{"utterance":"Facilitate collaboration between business and development teams"},{"utterance":"I want cooperation between business and development"},{"utterance":"I want common understanding between business and development"},{"utterance":"I want to drive alignment"},{"utterance":"I want a common vision"},{"utterance":"Visualize the domain model"}],"intentConfirmationSetting":null,"intentClosingSetting":null,"inputContexts":null,"outputContexts":null,"kendraConfiguration":null,"dialogCodeHook":null,"fulfillmentCodeHook":{"fulfillmentUpdatesSpecification":null,"postFulfillmentStatusSpecification":{"successResponse":{"allowInterrupt":true,"messageGroupsList":[{"message":{"ssmlMessage":null,"customPayload":null,"plainTextMessage":{"value":"Event Storming:  https://www.vstart.dev/play/18"},"imageResponseCard":null},"variations":null}]},"failureResponse":null,"timeoutResponse":null},"enabled":false},"slotPriorities":[]}