{"name":"32_UXOrganizationalModels","identifier":"JLRJDY0YDQ","description":"UX Organizational Models","parentIntentSignature":null,"sampleUtterances":[{"utterance":"user experience design"},{"utterance":"UX design"},{"utterance":"UX team structure"},{"utterance":"include UX activities"},{"utterance":"user experience team structure"},{"utterance":"include user experience activity"}],"intentConfirmationSetting":null,"intentClosingSetting":null,"inputContexts":null,"outputContexts":null,"kendraConfiguration":null,"dialogCodeHook":null,"fulfillmentCodeHook":{"fulfillmentUpdatesSpecification":null,"postFulfillmentStatusSpecification":{"successResponse":{"allowInterrupt":true,"messageGroupsList":[{"message":{"ssmlMessage":null,"customPayload":null,"plainTextMessage":{"value":"UX Organizational Models:  https://www.vstart.dev/play/32"},"imageResponseCard":null},"variations":null}]},"failureResponse":null,"timeoutResponse":null},"enabled":false},"slotPriorities":[]}