{"name":"37_SettingObjectivesAndMilestones","identifier":"FNYMWNUOJP","description":"Setting Objectives & Milestones","parentIntentSignature":null,"sampleUtterances":[{"utterance":"goal for specific outcome"},{"utterance":"milestone"},{"utterance":"point of progress that is associated with analytics"},{"utterance":"key performance indicator"},{"utterance":"KPI"},{"utterance":"prioritize"},{"utterance":"increase alignment"},{"utterance":"execute ideas effectively"}],"intentConfirmationSetting":null,"intentClosingSetting":null,"inputContexts":null,"outputContexts":null,"kendraConfiguration":null,"dialogCodeHook":null,"fulfillmentCodeHook":{"fulfillmentUpdatesSpecification":null,"postFulfillmentStatusSpecification":{"successResponse":{"allowInterrupt":true,"messageGroupsList":[{"message":{"ssmlMessage":null,"customPayload":null,"plainTextMessage":{"value":"Setting Objectives & Milestones:  https://www.vstart.dev/play/37"},"imageResponseCard":null},"variations":null}]},"failureResponse":null,"timeoutResponse":null},"enabled":false},"slotPriorities":[]}