{"name":"17_DefinitionOfReady","identifier":"LFWSH7BHEX","description":"Definition of Ready","parentIntentSignature":null,"sampleUtterances":[{"utterance":"I want to promote transparancy about work item readiness"},{"utterance":"I want to have shared understand about work item readiness"},{"utterance":"I want work item to be ready to work on in a sprint"},{"utterance":"I want work item to be understood"},{"utterance":"I want agreement about content of work item"}],"intentConfirmationSetting":null,"intentClosingSetting":null,"inputContexts":null,"outputContexts":null,"kendraConfiguration":null,"dialogCodeHook":null,"fulfillmentCodeHook":{"postFulfillmentStatusSpecification":{"failureResponse":null,"successResponse":{"messageGroupsList":[{"message":{"ssmlMessage":null,"customPayload":null,"plainTextMessage":{"value":"Definition of Ready:  https://www.vstart.dev/play/17"},"imageResponseCard":null},"variations":null}],"allowInterrupt":true},"timeoutResponse":null},"fulfillmentUpdatesSpecification":null,"enabled":false},"slotPriorities":[]}