{"name":"09_ResearchReadout","identifier":"SIEZKFXUP8","description":null,"parentIntentSignature":null,"sampleUtterances":[{"utterance":"communicate findings"},{"utterance":"research findings"},{"utterance":"I want to communicate user feedback"},{"utterance":"User check in"}],"intentConfirmationSetting":null,"intentClosingSetting":null,"inputContexts":null,"outputContexts":null,"kendraConfiguration":null,"dialogCodeHook":null,"fulfillmentCodeHook":{"fulfillmentUpdatesSpecification":null,"postFulfillmentStatusSpecification":{"successResponse":{"allowInterrupt":true,"messageGroupsList":[{"message":{"ssmlMessage":null,"customPayload":null,"plainTextMessage":{"value":"Research Readout:  https://www.vstart.dev/play/9"},"imageResponseCard":null},"variations":null}]},"failureResponse":null,"timeoutResponse":null},"enabled":false},"slotPriorities":[]}