{"name":"07_ProductBacklogRefinement","identifier":"IIS67RNSVL","description":null,"parentIntentSignature":null,"sampleUtterances":[{"utterance":"Prepare stories for next sprint"},{"utterance":"Get ready for next sprint"},{"utterance":"Clear acceptance criteria"},{"utterance":"Clear definition of ready"},{"utterance":"Make stories ready to work on"}],"intentConfirmationSetting":null,"intentClosingSetting":null,"inputContexts":null,"outputContexts":null,"kendraConfiguration":null,"dialogCodeHook":null,"fulfillmentCodeHook":{"postFulfillmentStatusSpecification":{"failureResponse":null,"successResponse":{"messageGroupsList":[{"message":{"ssmlMessage":null,"customPayload":null,"plainTextMessage":{"value":"Product Backlog Refinement:  https://www.vstart.dev/play/7"},"imageResponseCard":null},"variations":null}],"allowInterrupt":true},"timeoutResponse":null},"fulfillmentUpdatesSpecification":null,"enabled":false},"slotPriorities":[]}