{"name":"00_whatIsVstart","identifier":"N0NXLUCC6R","description":"What is vStart?","parentIntentSignature":null,"sampleUtterances":[{"utterance":"What is vStart?"}],"intentConfirmationSetting":null,"intentClosingSetting":null,"inputContexts":null,"outputContexts":null,"kendraConfiguration":null,"dialogCodeHook":null,"fulfillmentCodeHook":{"postFulfillmentStatusSpecification":{"failureResponse":null,"successResponse":{"messageGroupsList":[{"message":{"ssmlMessage":null,"customPayload":null,"plainTextMessage":{"value":"vSTART description:  https://venteracorp.sharepoint.com/sites/vSTART"},"imageResponseCard":null},"variations":null}],"allowInterrupt":true},"timeoutResponse":null},"fulfillmentUpdatesSpecification":null,"enabled":false},"slotPriorities":[]}