{"name":"37_SettingObjectivesAndMilestones","identifier":"FNYMWNUOJP","description":"Setting Objectives & Milestones","parentIntentSignature":null,"sampleUtterances":[{"utterance":"goal for specific outcome"},{"utterance":"milestone"},{"utterance":"point of progress that is associated with analytics"},{"utterance":"key performance indicator"},{"utterance":"KPI"},{"utterance":"prioritize"},{"utterance":"increase alignment"},{"utterance":"execute ideas effectively"}],"intentConfirmationSetting":null,"intentClosingSetting":null,"inputContexts":null,"outputContexts":null,"kendraConfiguration":null,"dialogCodeHook":null,"fulfillmentCodeHook":{"postFulfillmentStatusSpecification":{"failureResponse":null,"successResponse":{"messageGroupsList":[{"message":{"ssmlMessage":null,"customPayload":null,"plainTextMessage":{"value":"Setting Objectives & Milestones:  https://www.vstart.dev/play/37"},"imageResponseCard":null},"variations":null}],"allowInterrupt":true},"timeoutResponse":null},"fulfillmentUpdatesSpecification":null,"enabled":false},"slotPriorities":[]}