{"name":"03_IdeationAndBrainstorming","identifier":"CIHEVYRKFC","description":null,"parentIntentSignature":null,"sampleUtterances":[{"utterance":"I want to learn about problem"},{"utterance":"I want to understand problems"},{"utterance":"many ideas"},{"utterance":"different ideas"},{"utterance":"broaden perspective"},{"utterance":"brainstorm"}],"intentConfirmationSetting":null,"intentClosingSetting":null,"inputContexts":null,"outputContexts":null,"kendraConfiguration":null,"dialogCodeHook":null,"fulfillmentCodeHook":{"fulfillmentUpdatesSpecification":null,"postFulfillmentStatusSpecification":{"successResponse":{"allowInterrupt":true,"messageGroupsList":[{"message":{"ssmlMessage":null,"customPayload":null,"plainTextMessage":{"value":"Ideation and Brainstorming:  https://www.vstart.dev/play/3"},"imageResponseCard":null},"variations":null}]},"failureResponse":null,"timeoutResponse":null},"enabled":false},"slotPriorities":[]}