{"name":"22_TechChallengeSetUp","identifier":"N9OS4QMSLP","description":"Tech Challenge Set Up","parentIntentSignature":null,"sampleUtterances":[{"utterance":"quickly setup tech challenge "},{"utterance":"quickly start tech challenge"},{"utterance":"handle proposal"},{"utterance":"respond to proposal"},{"utterance":"show instead of tell"},{"utterance":"start tech challenge"}],"intentConfirmationSetting":null,"intentClosingSetting":null,"inputContexts":null,"outputContexts":null,"kendraConfiguration":null,"dialogCodeHook":null,"fulfillmentCodeHook":{"fulfillmentUpdatesSpecification":null,"postFulfillmentStatusSpecification":{"successResponse":{"allowInterrupt":true,"messageGroupsList":[{"message":{"ssmlMessage":null,"customPayload":null,"plainTextMessage":{"value":"Tech Challenge Set Up:  https://www.vstart.dev/play/22"},"imageResponseCard":null},"variations":null}]},"failureResponse":null,"timeoutResponse":null},"enabled":false},"slotPriorities":[]}