{"name":"10_Personas","identifier":"YDIUXIPWOM","description":null,"parentIntentSignature":null,"sampleUtterances":[{"utterance":"I want to understand user needs"},{"utterance":"I want to understand user experience"},{"utterance":"I want to understand user behavior"},{"utterance":"I want to assess my design"},{"utterance":"I want to understand patterns in research"},{"utterance":"I want to know who my users are"},{"utterance":"what are my users like?"}],"intentConfirmationSetting":null,"intentClosingSetting":null,"inputContexts":null,"outputContexts":null,"kendraConfiguration":null,"dialogCodeHook":null,"fulfillmentCodeHook":{"fulfillmentUpdatesSpecification":null,"postFulfillmentStatusSpecification":{"successResponse":{"allowInterrupt":true,"messageGroupsList":[{"message":{"ssmlMessage":null,"customPayload":null,"plainTextMessage":{"value":"Personas:  https://www.vstart.dev/play/10"},"imageResponseCard":null},"variations":null}]},"failureResponse":null,"timeoutResponse":null},"enabled":false},"slotPriorities":[]}