{"name":"31_UserStoryMapping","identifier":"VFVWNM5P3W","description":"User Story Mapping","parentIntentSignature":null,"sampleUtterances":[{"utterance":"enhance user experience"},{"utterance":"focus on user activities"},{"utterance":"visually map sequence"},{"utterance":"create sequence of activities"},{"utterance":"activity sequence"},{"utterance":"improve prioritization"},{"utterance":"improve priorities"},{"utterance":"better priority"},{"utterance":"align business strategy"},{"utterance":"align strategy"}],"intentConfirmationSetting":null,"intentClosingSetting":null,"inputContexts":null,"outputContexts":null,"kendraConfiguration":null,"dialogCodeHook":null,"fulfillmentCodeHook":{"postFulfillmentStatusSpecification":{"failureResponse":null,"successResponse":{"messageGroupsList":[{"message":{"ssmlMessage":null,"customPayload":null,"plainTextMessage":{"value":"User Story Mapping:  https://www.vstart.dev/play/31"},"imageResponseCard":null},"variations":null}],"allowInterrupt":true},"timeoutResponse":null},"fulfillmentUpdatesSpecification":null,"enabled":false},"slotPriorities":[]}