{"name":"04_MVP","identifier":"CCDH0ETCLX","description":null,"parentIntentSignature":null,"sampleUtterances":[{"utterance":"I want to get feedback"},{"utterance":"I want to learn about user"},{"utterance":"Simple version of product"},{"utterance":"Product simplification"},{"utterance":"Align product to user needs"},{"utterance":"I want to control cost"},{"utterance":"I want to avoid scope creep"},{"utterance":"I want to avoid unnecessary complexity "},{"utterance":"Avoid complexity that is not necessary"},{"utterance":"Bring product to market quicker"}],"intentConfirmationSetting":null,"intentClosingSetting":null,"inputContexts":null,"outputContexts":null,"kendraConfiguration":null,"dialogCodeHook":null,"fulfillmentCodeHook":{"postFulfillmentStatusSpecification":{"failureResponse":null,"successResponse":{"messageGroupsList":[{"message":{"ssmlMessage":null,"customPayload":null,"plainTextMessage":{"value":"Minimum Viable Product:  https://www.vstart.dev/play/4"},"imageResponseCard":null},"variations":null}],"allowInterrupt":true},"timeoutResponse":null},"fulfillmentUpdatesSpecification":null,"enabled":false},"slotPriorities":[]}