{"name":"21_CardSort","identifier":"IJ1DW3WNBQ","description":null,"parentIntentSignature":null,"sampleUtterances":[{"utterance":"Discover how users group information"},{"utterance":"Discover how users label information"},{"utterance":"Discover how users understand information"},{"utterance":"Manage content strategy"},{"utterance":"Accommodate large website"},{"utterance":"Accommodate large system"},{"utterance":"Accommodate frequently updated website"},{"utterance":"Accommodate frequently updated system"},{"utterance":"Understand how users rank items"},{"utterance":"Understand how users prioritize items"},{"utterance":"Understand how users arrange items"}],"intentConfirmationSetting":null,"intentClosingSetting":null,"inputContexts":null,"outputContexts":null,"kendraConfiguration":null,"dialogCodeHook":null,"fulfillmentCodeHook":{"postFulfillmentStatusSpecification":{"failureResponse":null,"successResponse":{"messageGroupsList":[{"message":{"ssmlMessage":null,"customPayload":null,"plainTextMessage":{"value":"Card Sort:  https://www.vstart.dev/play/21"},"imageResponseCard":null},"variations":null}],"allowInterrupt":true},"timeoutResponse":null},"fulfillmentUpdatesSpecification":null,"enabled":false},"slotPriorities":[]}