{"name":"33_UXRolesAndTeamStructure","identifier":"PVUMN0Q2NX","description":"UX Roles and Team Structure","parentIntentSignature":null,"sampleUtterances":[{"utterance":"understand user experience roles and responsibilities"},{"utterance":"understand UX roles and responsibilities"},{"utterance":"understand user experience deliverables"},{"utterance":"understand UX deliverables"},{"utterance":"represent UX in team"},{"utterance":"represent user experience in team"}],"intentConfirmationSetting":null,"intentClosingSetting":null,"inputContexts":null,"outputContexts":null,"kendraConfiguration":null,"dialogCodeHook":null,"fulfillmentCodeHook":{"fulfillmentUpdatesSpecification":null,"postFulfillmentStatusSpecification":{"successResponse":{"allowInterrupt":true,"messageGroupsList":[{"message":{"ssmlMessage":null,"customPayload":null,"plainTextMessage":{"value":"UX Roles and Team Structure:  https://www.vstart.dev/play/33"},"imageResponseCard":null},"variations":null}]},"failureResponse":null,"timeoutResponse":null},"enabled":false},"slotPriorities":[]}