{"name":"23_AgileEstimation","identifier":"302CUGBRJJ","description":"Agile Estimation","parentIntentSignature":null,"sampleUtterances":[{"utterance":"Planning for future work"},{"utterance":"Determine how much work to bring into sprint"},{"utterance":"Plan release"},{"utterance":"Plan with entire team"},{"utterance":"Expose issues early"},{"utterance":"Avoid problems later"}],"intentConfirmationSetting":null,"intentClosingSetting":null,"inputContexts":null,"outputContexts":null,"kendraConfiguration":null,"dialogCodeHook":null,"fulfillmentCodeHook":{"fulfillmentUpdatesSpecification":null,"postFulfillmentStatusSpecification":{"successResponse":{"allowInterrupt":true,"messageGroupsList":[{"message":{"ssmlMessage":null,"customPayload":null,"plainTextMessage":{"value":"Agile Estimation:  https://www.vstart.dev/play/23"},"imageResponseCard":null},"variations":null}]},"failureResponse":null,"timeoutResponse":null},"enabled":false},"slotPriorities":[]}