{"name":"01_contextualInquiryIntent","identifier":"WD68ST8EPU","description":null,"parentIntentSignature":null,"sampleUtterances":[{"utterance":"start research process"},{"utterance":"beginning of research process"},{"utterance":"collect context information"},{"utterance":"context of use"},{"utterance":"information about processes"},{"utterance":"information about physical environments"},{"utterance":"information about tools"}],"intentConfirmationSetting":null,"intentClosingSetting":null,"inputContexts":null,"outputContexts":null,"kendraConfiguration":null,"dialogCodeHook":null,"fulfillmentCodeHook":{"fulfillmentUpdatesSpecification":null,"postFulfillmentStatusSpecification":{"successResponse":{"allowInterrupt":true,"messageGroupsList":[{"message":{"ssmlMessage":null,"customPayload":null,"plainTextMessage":{"value":"Contextual Inquiry:  https://www.vstart.dev/play/1"},"imageResponseCard":null},"variations":null}]},"failureResponse":null,"timeoutResponse":null},"enabled":false},"slotPriorities":[]}