{"name":"27_TechnicalChallengeOperations","identifier":"RP2Y5Z5EFR","description":"Technical Challenge Operations","parentIntentSignature":null,"sampleUtterances":[{"utterance":"run technical challenge"},{"utterance":"do technical challenge"},{"utterance":"technical challenge execution"},{"utterance":"technical challenge operation"}],"intentConfirmationSetting":null,"intentClosingSetting":null,"inputContexts":null,"outputContexts":null,"kendraConfiguration":null,"dialogCodeHook":null,"fulfillmentCodeHook":{"postFulfillmentStatusSpecification":{"failureResponse":null,"successResponse":{"messageGroupsList":[{"message":{"ssmlMessage":null,"customPayload":null,"plainTextMessage":{"value":"Technical Challenge Operations:  https://www.vstart.dev/play/27"},"imageResponseCard":null},"variations":null}],"allowInterrupt":true},"timeoutResponse":null},"fulfillmentUpdatesSpecification":null,"enabled":false},"slotPriorities":[]}