{"name":"12_TaskAnalysisAndFlowDiagrams","identifier":"FJRHQMIREG","description":null,"parentIntentSignature":null,"sampleUtterances":[{"utterance":"I want to know how to achieve user goals"},{"utterance":"I want to identify ways to improve user experience"}],"intentConfirmationSetting":null,"intentClosingSetting":null,"inputContexts":null,"outputContexts":null,"kendraConfiguration":null,"dialogCodeHook":null,"fulfillmentCodeHook":{"fulfillmentUpdatesSpecification":null,"postFulfillmentStatusSpecification":{"successResponse":{"allowInterrupt":true,"messageGroupsList":[{"message":{"ssmlMessage":null,"customPayload":null,"plainTextMessage":{"value":"Task Analysis and Flow Diagrams:  https://www.vstart.dev/play/12"},"imageResponseCard":null},"variations":null}]},"failureResponse":null,"timeoutResponse":null},"enabled":false},"slotPriorities":[]}