{"name":"34_ProductBacklogItems","identifier":"FTPM2VZI2B","description":"Product Backlog Items","parentIntentSignature":null,"sampleUtterances":[{"utterance":"Capture the user and business needs"},{"utterance":"Clarify and align on requirements and desired functionality"},{"utterance":"Visualize work and ensure transparency within the team and business stakeholders"},{"utterance":"Allow the team to work on the highest priority items"},{"utterance":"Ensure the client or business stakeholders get what they need"},{"utterance":"Allows the team to plan future sprints or releases"},{"utterance":"Define product backlog"}],"intentConfirmationSetting":null,"intentClosingSetting":null,"inputContexts":null,"outputContexts":null,"kendraConfiguration":null,"dialogCodeHook":null,"fulfillmentCodeHook":{"postFulfillmentStatusSpecification":{"failureResponse":null,"successResponse":{"messageGroupsList":[{"message":{"ssmlMessage":null,"customPayload":null,"plainTextMessage":{"value":"Product Backlog Items:  https://www.vstart.dev/play/34"},"imageResponseCard":null},"variations":null}],"allowInterrupt":true},"timeoutResponse":null},"fulfillmentUpdatesSpecification":null,"enabled":false},"slotPriorities":[]}