{"name":"20_ScrumTeamRolesAndResponsibilities","identifier":"WMMJCLZJ3E","description":"Scrum Team Roles and Responsibilities","parentIntentSignature":null,"sampleUtterances":[{"utterance":"Define team roles"},{"utterance":"Define team member roles"},{"utterance":"Define team member responbilities"},{"utterance":"Define team responsibilties"},{"utterance":"Create a flexible team"},{"utterance":"Create an adaptable team"},{"utterance":"Respond to change"}],"intentConfirmationSetting":null,"intentClosingSetting":null,"inputContexts":null,"outputContexts":null,"kendraConfiguration":null,"dialogCodeHook":null,"fulfillmentCodeHook":{"postFulfillmentStatusSpecification":{"failureResponse":null,"successResponse":{"messageGroupsList":[{"message":{"ssmlMessage":null,"customPayload":null,"plainTextMessage":{"value":"Scrum Team Roles and Responsibilities:  https://www.vstart.dev/play/20"},"imageResponseCard":null},"variations":null}],"allowInterrupt":true},"timeoutResponse":null},"fulfillmentUpdatesSpecification":null,"enabled":false},"slotPriorities":[]}