{"name":"14_Wireframing","identifier":"7IQ19RQ8MH","description":"Wireframing","parentIntentSignature":null,"sampleUtterances":[{"utterance":"I want to show the high level idea of an application"},{"utterance":"I want to show idea of application while avoiding details"},{"utterance":"I want to focus on interactions"},{"utterance":"I want to provide the high level visual of a product"}],"intentConfirmationSetting":null,"intentClosingSetting":null,"inputContexts":null,"outputContexts":null,"kendraConfiguration":null,"dialogCodeHook":null,"fulfillmentCodeHook":{"postFulfillmentStatusSpecification":{"failureResponse":null,"successResponse":{"messageGroupsList":[{"message":{"ssmlMessage":null,"customPayload":null,"plainTextMessage":{"value":"Wireframing:  https://www.vstart.dev/play/14"},"imageResponseCard":null},"variations":null}],"allowInterrupt":true},"timeoutResponse":null},"fulfillmentUpdatesSpecification":null,"enabled":false},"slotPriorities":[]}