{"name":"05_Prioritization","identifier":"JPPQ6ES5JI","description":null,"parentIntentSignature":null,"sampleUtterances":[{"utterance":"I want to prioritize"},{"utterance":"Help me prioritize"},{"utterance":"I want to adapt"},{"utterance":"I want to handle conflicting needs"},{"utterance":"I want to handle conflicting objectives"},{"utterance":"Priority"}],"intentConfirmationSetting":null,"intentClosingSetting":null,"inputContexts":null,"outputContexts":null,"kendraConfiguration":null,"dialogCodeHook":null,"fulfillmentCodeHook":{"fulfillmentUpdatesSpecification":null,"postFulfillmentStatusSpecification":{"successResponse":{"allowInterrupt":true,"messageGroupsList":[{"message":{"ssmlMessage":null,"customPayload":null,"plainTextMessage":{"value":"Prioritization:  https://www.vstart.dev/play/5"},"imageResponseCard":null},"variations":null}]},"failureResponse":null,"timeoutResponse":null},"enabled":false},"slotPriorities":[]}